absolute_path,relative_path,title,category,nodes_count,file_size_bytes,modified_iso
/workspace/AI product imagines.json,AI product imagines.json,AI product Images,,17,16306,2025-09-25T07:10:19
/workspace/HR_and_Recruitment/HR & IT Helpdesk Chatbot with Audio Transcription.json,HR_and_Recruitment/HR & IT Helpdesk Chatbot with Audio Transcription.json,HR & IT Helpdesk Chatbot with Audio Transcription,HR_and_Recruitment,27,16203,2025-09-25T07:10:19
/workspace/HR_and_Recruitment/HR Job Posting and Evaluation with AI.json,HR_and_Recruitment/HR Job Posting and Evaluation with AI.json,HR Job Posting and Evaluation with AI,HR_and_Recruitment,36,62111,2025-09-25T07:10:19
/workspace/HR_and_Recruitment/CV Screening with OpenAI.json,HR_and_Recruitment/CV Screening with OpenAI.json,CV Screening with OpenAI,HR_and_Recruitment,11,12323,2025-09-25T07:10:19
/workspace/HR_and_Recruitment/BambooHR AI-Powered Company Policies and Benefits Chatbot.json,HR_and_Recruitment/BambooHR AI-Powered Company Policies and Benefits Chatbot.json,BambooHR AI-Powered Company Policies and Benefits Chatbot,HR_and_Recruitment,50,26693,2025-09-25T07:10:19
"/workspace/Forms_and_Surveys/Email Subscription Service with n8n Forms, Airtable and AI.json","Forms_and_Surveys/Email Subscription Service with n8n Forms, Airtable and AI.json","Email Subscription Service with n8n Forms, Airtable and AI",Forms_and_Surveys,32,28842,2025-09-25T07:10:19
/workspace/Forms_and_Surveys/Conversational Interviews with AI Agents and n8n Forms.json,Forms_and_Surveys/Conversational Interviews with AI Agents and n8n Forms.json,Conversational Interviews with AI Agents and n8n Forms,Forms_and_Surveys,40,40263,2025-09-25T07:10:19
/workspace/Forms_and_Surveys/Qualifying Appointment Requests with AI & n8n Forms.json,Forms_and_Surveys/Qualifying Appointment Requests with AI & n8n Forms.json,Qualifying Appointment Requests with AI & n8n Forms,Forms_and_Surveys,25,20266,2025-09-25T07:10:19
/workspace/Airtable/Get Airtable data via AI and Obsidian Notes.json,Airtable/Get Airtable data via AI and Obsidian Notes.json,Get Airtable data in Obsidian Notes,Airtable,7,4220,2025-09-25T07:10:19
/workspace/Airtable/Handling Job Application Submissions with AI and n8n Forms.json,Airtable/Handling Job Application Submissions with AI and n8n Forms.json,Handling Job Application Submissions with AI and n8n Forms,Airtable,23,27018,2025-09-25T07:10:19
/workspace/Airtable/AI Agent to chat with Airtable and analyze data.json,Airtable/AI Agent to chat with Airtable and analyze data.json,AI Agent to chat with Airtable and analyze data,Airtable,41,33345,2025-09-25T07:10:19
/workspace/Airtable/AI Agent for project management and meetings with Airtable and Fireflies.json,Airtable/AI Agent for project management and meetings with Airtable and Fireflies.json,AI Agent for project management and meetings with Airtable and Fireflies,Airtable,18,14513,2025-09-25T07:10:19
/workspace/Airtable/vAssistant for Hubspot Chat using OpenAi and Airtable.json,Airtable/vAssistant for Hubspot Chat using OpenAi and Airtable.json,OpenAI Assistant for Hubspot Chat,Airtable,34,22013,2025-09-25T07:10:19
/workspace/Other/ALL_unique_nodes.json,Other/ALL_unique_nodes.json,ALL_unique_nodes,Other,,0,2025-09-25T07:10:19
/workspace/Discord/Discord AI-powered bot.json,Discord/Discord AI-powered bot.json,Discord AI bot,Discord,9,5273,2025-09-25T07:10:19
/workspace/Discord/Send daily translated Calvin and Hobbes Comics to Discord.json,Discord/Send daily translated Calvin and Hobbes Comics to Discord.json,Send daily translated Calvin and Hobbes Comics to Discord,Discord,8,5806,2025-09-25T07:10:19
/workspace/Discord/Share YouTube Videos with AI Summaries on Discord.json,Discord/Share YouTube Videos with AI Summaries on Discord.json,YouTube Videos with AI Summaries on Discord,Discord,8,5214,2025-09-25T07:10:19
/workspace/Instagram_Twitter_Social_Media/Twitter Virtual AI Influencer.json,Instagram_Twitter_Social_Media/Twitter Virtual AI Influencer.json,Twitter Virtual AI Influencer,Instagram_Twitter_Social_Media,12,6769,2025-09-25T07:10:19
/workspace/Instagram_Twitter_Social_Media/Social Media Analysis and Automated Email Generation.json,Instagram_Twitter_Social_Media/Social Media Analysis and Automated Email Generation.json,Social Media Analysis and Automated Email Generation,Instagram_Twitter_Social_Media,19,17853,2025-09-25T07:10:19
/workspace/Instagram_Twitter_Social_Media/Generate Instagram Content from Top Trends with AI Image Generation.json,Instagram_Twitter_Social_Media/Generate Instagram Content from Top Trends with AI Image Generation.json,Generate Instagram Content from Top Trends with AI Image Generation,Instagram_Twitter_Social_Media,44,29271,2025-09-25T07:10:19
/workspace/Instagram_Twitter_Social_Media/Speed Up Social Media Banners With BannerBear.com.json,Instagram_Twitter_Social_Media/Speed Up Social Media Banners With BannerBear.com.json,Speed Up Social Media Banners With BannerBear.com,Instagram_Twitter_Social_Media,16,11358,2025-09-25T07:10:19
/workspace/Instagram_Twitter_Social_Media/Create dynamic Twitter profile banner.json,Instagram_Twitter_Social_Media/Create dynamic Twitter profile banner.json,Create dynamic Twitter profile banner,Instagram_Twitter_Social_Media,12,5015,2025-09-25T07:10:19
/workspace/Instagram_Twitter_Social_Media/Post New YouTube Videos to X.json,Instagram_Twitter_Social_Media/Post New YouTube Videos to X.json,Post New YouTube Videos to X,Instagram_Twitter_Social_Media,6,3414,2025-09-25T07:10:19
/workspace/Instagram_Twitter_Social_Media/AI agent for Instagram DM_inbox. Manychat + Open AI integration.json,Instagram_Twitter_Social_Media/AI agent for Instagram DM_inbox. Manychat + Open AI integration.json,InstaTest,Instagram_Twitter_Social_Media,11,6028,2025-09-25T07:10:19
/workspace/Instagram_Twitter_Social_Media/Reddit AI digest.json,Instagram_Twitter_Social_Media/Reddit AI digest.json,Reddit AI digest,Instagram_Twitter_Social_Media,15,8880,2025-09-25T07:10:19
/workspace/Instagram_Twitter_Social_Media/OpenAI-powered tweet generator.json,Instagram_Twitter_Social_Media/OpenAI-powered tweet generator.json,OpenAI-powered tweet generator,Instagram_Twitter_Social_Media,5,2264,2025-09-25T07:10:19
/workspace/Instagram_Twitter_Social_Media/Update Twitter banner using HTTP request.json,Instagram_Twitter_Social_Media/Update Twitter banner using HTTP request.json,Update Twitter banner using HTTP request,Instagram_Twitter_Social_Media,4,1339,2025-09-25T07:10:19
/workspace/Gmail_and_Email_Automation/Auto Categorise Outlook Emails with AI.json,Gmail_and_Email_Automation/Auto Categorise Outlook Emails with AI.json,Auto Categorise Outlook Emails with AI,Gmail_and_Email_Automation,36,26364,2025-09-25T07:10:19
/workspace/Gmail_and_Email_Automation/Summarize your emails with A.I. (via Openrouter) and send to Line messenger.json,Gmail_and_Email_Automation/Summarize your emails with A.I. (via Openrouter) and send to Line messenger.json,Summarize emails with A.I. then send to messenger,Gmail_and_Email_Automation,7,4976,2025-09-25T07:10:19
/workspace/Gmail_and_Email_Automation/Email Summary Agent.json,Gmail_and_Email_Automation/Email Summary Agent.json,Email Summary Agent,Gmail_and_Email_Automation,9,9257,2025-09-25T07:10:19
/workspace/Gmail_and_Email_Automation/Compose reply draft in Gmail with OpenAI Assistant.json,Gmail_and_Email_Automation/Compose reply draft in Gmail with OpenAI Assistant.json,Compose reply draft in Gmail with OpenAI Assistant,Gmail_and_Email_Automation,23,11780,2025-09-25T07:10:19
/workspace/Gmail_and_Email_Automation/üìà Receive Daily Market News from FT.com to your Microsoft outlook inbox.json,Gmail_and_Email_Automation/üìà Receive Daily Market News from FT.com to your Microsoft outlook inbox.json,üìà Receive Daily Market News from FT.com to your Microsoft outlook inbox,Gmail_and_Email_Automation,8,7289,2025-09-25T07:10:19
/workspace/Gmail_and_Email_Automation/A Very Simple _Human in the Loop_ Email Response System Using AI and IMAP.json,Gmail_and_Email_Automation/A Very Simple _Human in the Loop_ Email Response System Using AI and IMAP.json,Very simple Human in the loop system email with AI e IMAP,Gmail_and_Email_Automation,16,8171,2025-09-25T07:10:19
/workspace/Gmail_and_Email_Automation/Analyze Suspicious Email Contents with ChatGPT Vision.json,Gmail_and_Email_Automation/Analyze Suspicious Email Contents with ChatGPT Vision.json,Analyze Suspicious Email Contents with ChatGPT Vision,Gmail_and_Email_Automation,18,14315,2025-09-25T07:10:19
/workspace/Gmail_and_Email_Automation/Basic Automatic Gmail Email Labelling with OpenAI and Gmail API.json,Gmail_and_Email_Automation/Basic Automatic Gmail Email Labelling with OpenAI and Gmail API.json,Basic Automatic Gmail Email Labelling with OpenAI and Gmail API,Gmail_and_Email_Automation,13,10475,2025-09-25T07:10:19
/workspace/Gmail_and_Email_Automation/create e-mail responses with fastmail and OpenAI.json,Gmail_and_Email_Automation/create e-mail responses with fastmail and OpenAI.json,create e-mail responses with fastmail and OpenAI,Gmail_and_Email_Automation,11,10760,2025-09-25T07:10:19
/workspace/Gmail_and_Email_Automation/Send specific PDF attachments from Gmail to Google Drive using OpenAI.json,Gmail_and_Email_Automation/Send specific PDF attachments from Gmail to Google Drive using OpenAI.json,Send specific PDF attachments from Gmail to Google Drive using OpenAI,Gmail_and_Email_Automation,18,9479,2025-09-25T07:10:19
/workspace/Gmail_and_Email_Automation/Classify lemlist replies using OpenAI and automate reply handling.json,Gmail_and_Email_Automation/Classify lemlist replies using OpenAI and automate reply handling.json,Classify lemlist replies using OpenAI and automate reply handling,Gmail_and_Email_Automation,18,10840,2025-09-25T07:10:19
/workspace/Gmail_and_Email_Automation/Microsoft Outlook AI Email Assistant with contact support from Monday and Airtable.json,Gmail_and_Email_Automation/Microsoft Outlook AI Email Assistant with contact support from Monday and Airtable.json,Microsoft Outlook AI Email Assistant,Gmail_and_Email_Automation,28,20747,2025-09-25T07:10:19
/workspace/Gmail_and_Email_Automation/Analyze & Sort Suspicious Email Contents with ChatGPT.json,Gmail_and_Email_Automation/Analyze & Sort Suspicious Email Contents with ChatGPT.json,Analyze & Sort Suspicious Email Contents with ChatGPT,Gmail_and_Email_Automation,25,19769,2025-09-25T07:10:19
/workspace/Gmail_and_Email_Automation/Gmail AI Auto-Responder_ Create Draft Replies to incoming emails.json,Gmail_and_Email_Automation/Gmail AI Auto-Responder_ Create Draft Replies to incoming emails.json,Gmail AI auto-responder: create draft replies to incoming emails,Gmail_and_Email_Automation,12,6952,2025-09-25T07:10:19
/workspace/Gmail_and_Email_Automation/Modular & Customizable AI-Powered Email Routing_ Text Classifier for eCommerce.json,Gmail_and_Email_Automation/Modular & Customizable AI-Powered Email Routing_ Text Classifier for eCommerce.json,Contact Form Text Classifier for eCommerce,Gmail_and_Email_Automation,14,18495,2025-09-25T07:10:19
/workspace/Gmail_and_Email_Automation/Send a ChatGPT email reply and save responses to Google Sheets.json,Gmail_and_Email_Automation/Send a ChatGPT email reply and save responses to Google Sheets.json,Send a ChatGPT email reply and save responses to Google Sheets,Gmail_and_Email_Automation,49,74895,2025-09-25T07:10:19
/workspace/Gmail_and_Email_Automation/AI-powered email processing autoresponder and response approval (Yes_No).json,Gmail_and_Email_Automation/AI-powered email processing autoresponder and response approval (Yes_No).json,AI Email processing autoresponder with approval (Yes/No),Gmail_and_Email_Automation,17,9829,2025-09-25T07:10:19
/workspace/Gmail_and_Email_Automation/Extract spending history from gmail to google sheet.json,Gmail_and_Email_Automation/Extract spending history from gmail to google sheet.json,Extract spend details (template),Gmail_and_Email_Automation,24,25813,2025-09-25T07:10:19
/workspace/Gmail_and_Email_Automation/Effortless Email Management with AI-Powered Summarization & Review.json,Gmail_and_Email_Automation/Effortless Email Management with AI-Powered Summarization & Review.json,Effortless Email Management with AI,Gmail_and_Email_Automation,31,16999,2025-09-25T07:10:19
/workspace/Gmail_and_Email_Automation/Auto-label incoming Gmail messages with AI nodes.json,Gmail_and_Email_Automation/Auto-label incoming Gmail messages with AI nodes.json,Auto-label incoming Gmail messages with AI nodes,Gmail_and_Email_Automation,19,9484,2025-09-25T07:10:19
/workspace/Telegram/üêãü§ñ DeepSeek AI Agent + Telegram + LONG TERM Memory üß†.json,Telegram/üêãü§ñ DeepSeek AI Agent + Telegram + LONG TERM Memory üß†.json,üêãü§ñ DeepSeek AI Agent + Telegram + LONG TERM Memory üß†,Telegram,23,16986,2025-09-25T07:10:19
/workspace/Telegram/Send a random recipe once a day to Telegram.json,Telegram/Send a random recipe once a day to Telegram.json,Send a random recipe once a day to Telegram,Telegram,15,7363,2025-09-25T07:10:19
/workspace/Telegram/Automated AI image analysis and response via Telegram.json,Telegram/Automated AI image analysis and response via Telegram.json,Automated AI image analysis and response via Telegram,Telegram,8,7706,2025-09-25T07:10:19
/workspace/Telegram/AI-Powered Children_s Arabic Storytelling on Telegram.json,Telegram/AI-Powered Children_s Arabic Storytelling on Telegram.json,AI-Powered Children_s Arabic Storytelling on Telegram,Telegram,15,10992,2025-09-25T07:10:19
/workspace/Telegram/Detect toxic language in Telegram messages.json,Telegram/Detect toxic language in Telegram messages.json,Detect toxic language in Telegram messages,Telegram,5,2109,2025-09-25T07:10:19
/workspace/Telegram/Image Creation with OpenAI and Telegram.json,Telegram/Image Creation with OpenAI and Telegram.json,Image Creation with OpenAI and Telegram,Telegram,12,6120,2025-09-25T07:10:19
/workspace/Telegram/Translate Telegram audio messages with AI (55 supported languages).json,Telegram/Translate Telegram audio messages with AI (55 supported languages).json,Translate Telegram audio messages with AI (55 supported languages) v1,Telegram,13,7111,2025-09-25T07:10:19
/workspace/Telegram/Agentic Telegram AI bot with with LangChain nodes and new tools.json,Telegram/Agentic Telegram AI bot with with LangChain nodes and new tools.json,Agentic Telegram AI bot with LangChain nodes and new tools,Telegram,8,4894,2025-09-25T07:10:19
/workspace/Telegram/ü§ñüß† AI Agent Chatbot + LONG TERM Memory + Note Storage + Telegram.json,Telegram/ü§ñüß† AI Agent Chatbot + LONG TERM Memory + Note Storage + Telegram.json,ü§ñüß† AI Agent Chatbot + LONG TERM Memory + Note Storage + Telegram,Telegram,21,12986,2025-09-25T07:10:19
/workspace/Telegram/Telegram AI Bot_ NeurochainAI Text & Image - NeurochainAI Basic API Integration.json,Telegram/Telegram AI Bot_ NeurochainAI Text & Image - NeurochainAI Basic API Integration.json,NeurochainAI Basic API Integration,Telegram,29,19739,2025-09-25T07:10:19
/workspace/Telegram/Chat with OpenAIs GPT via a simple Telegram Bot.json,Telegram/Chat with OpenAIs GPT via a simple Telegram Bot.json,Chat with OpenAIs GPT via a simple Telegram Bot,Telegram,4,1924,2025-09-25T07:10:19
/workspace/Telegram/Telegram AI bot with LangChain nodes.json,Telegram/Telegram AI bot with LangChain nodes.json,Telegram AI Langchain bot,Telegram,12,8592,2025-09-25T07:10:19
/workspace/Telegram/Telegram AI Chatbot.json,Telegram/Telegram AI Chatbot.json,Telegram AI-bot,Telegram,16,8622,2025-09-25T07:10:19
/workspace/Telegram/Telegram Bot with Supabase memory and OpenAI assistant integration.json,Telegram/Telegram Bot with Supabase memory and OpenAI assistant integration.json,Telegram Bot with Supabase memory and OpenAI assistant integration,Telegram,17,25732,2025-09-25T07:10:19
/workspace/Telegram/AI-Powered Children_s English Storytelling on Telegram with OpenAI.json,Telegram/AI-Powered Children_s English Storytelling on Telegram with OpenAI.json,AI-Powered Children_s English Storytelling on Telegram with OpenAI,Telegram,14,10879,2025-09-25T07:10:19
/workspace/Telegram/Telegram chat with PDF.json,Telegram/Telegram chat with PDF.json,Telegram RAG pdf,Telegram,20,10228,2025-09-25T07:10:19
"/workspace/Telegram/Angie, Personal AI Assistant with Telegram Voice and Text.json","Telegram/Angie, Personal AI Assistant with Telegram Voice and Text.json","Angie, Personal AI Assistant with Telegram Voice and Text",Telegram,15,8535,2025-09-25T07:10:19
/workspace/Telegram/ü§ñ Telegram Messaging Agent for Text_Audio_Images.json,Telegram/ü§ñ Telegram Messaging Agent for Text_Audio_Images.json,ü§ñ Telegram Messaging Agent for Text/Audio/Images,Telegram,39,21189,2025-09-25T07:10:19
/workspace/Telegram/Telegram to Spotify with OpenAI.json,Telegram/Telegram to Spotify with OpenAI.json,Play with Spotify from Telegram,Telegram,14,7742,2025-09-25T07:10:19
/workspace/Telegram/Telegram AI bot assistant_ ready-made template for voice & text messages.json,Telegram/Telegram AI bot assistant_ ready-made template for voice & text messages.json,Telegram AI multi-format chatbot,Telegram,15,11167,2025-09-25T07:10:19
/workspace/Google_Drive_and_Google_Sheets/Flux Dev Image Generation (Fal.ai) to Google Drive.json,Google_Drive_and_Google_Sheets/Flux Dev Image Generation (Fal.ai) to Google Drive.json,Flux Dev Image Generation Fal.ai,Google_Drive_and_Google_Sheets,12,6668,2025-09-25T07:10:19
/workspace/Google_Drive_and_Google_Sheets/Summarize Google Sheets form feedback via OpenAI_s GPT-4.json,Google_Drive_and_Google_Sheets/Summarize Google Sheets form feedback via OpenAI_s GPT-4.json,Summarize Google Sheets form feedback via OpenAI's GPT-4,Google_Drive_and_Google_Sheets,10,6791,2025-09-25T07:10:19
"/workspace/Google_Drive_and_Google_Sheets/‚ú® Vision-Based AI Agent Scraper - with Google Sheets, ScrapingBee, and Gemini.json","Google_Drive_and_Google_Sheets/‚ú® Vision-Based AI Agent Scraper - with Google Sheets, ScrapingBee, and Gemini.json","Vision-Based AI Agent Scraper - with Google Sheets, ScrapingBee, and Gemini",Google_Drive_and_Google_Sheets,29,21118,2025-09-25T07:10:19
/workspace/Google_Drive_and_Google_Sheets/RAG Chatbot for Company Documents using Google Drive and Gemini.json,Google_Drive_and_Google_Sheets/RAG Chatbot for Company Documents using Google Drive and Gemini.json,RAG Workflow For Company Documents stored in Google Drive,Google_Drive_and_Google_Sheets,18,10484,2025-09-25T07:10:19
/workspace/Google_Drive_and_Google_Sheets/Build an OpenAI Assistant with Google Drive Integration.json,Google_Drive_and_Google_Sheets/Build an OpenAI Assistant with Google Drive Integration.json,Build an OpenAI Assistant with Google Drive Integration,Google_Drive_and_Google_Sheets,12,6641,2025-09-25T07:10:19
"/workspace/Google_Drive_and_Google_Sheets/Simple Expense Tracker with n8n Chat, AI Agent and Google Sheets.json","Google_Drive_and_Google_Sheets/Simple Expense Tracker with n8n Chat, AI Agent and Google Sheets.json",AI agent: expense tracker in Google Sheets and n8n chat,Google_Drive_and_Google_Sheets,10,7812,2025-09-25T07:10:19
/workspace/Google_Drive_and_Google_Sheets/Summarize the New Documents from Google Drive and Save Summary in Google Sheet.json,Google_Drive_and_Google_Sheets/Summarize the New Documents from Google Drive and Save Summary in Google Sheet.json,Google Doc Summarizer to Google Sheets,Google_Drive_and_Google_Sheets,12,7030,2025-09-25T07:10:19
/workspace/Google_Drive_and_Google_Sheets/Chat with a Google Sheet using AI.json,Google_Drive_and_Google_Sheets/Chat with a Google Sheet using AI.json,Chat with Google Sheet,Google_Drive_and_Google_Sheets,19,11040,2025-09-25T07:10:19
/workspace/Google_Drive_and_Google_Sheets/Author and Publish Blog Posts From Google Sheets.json,Google_Drive_and_Google_Sheets/Author and Publish Blog Posts From Google Sheets.json,Blog Automation TEMPLATE,Google_Drive_and_Google_Sheets,35,36265,2025-09-25T07:10:19
"/workspace/Google_Drive_and_Google_Sheets/Screen Applicants With AI, notify HR and save them in a Google Sheet.json","Google_Drive_and_Google_Sheets/Screen Applicants With AI, notify HR and save them in a Google Sheet.json",AI CV Screening Workflow,Google_Drive_and_Google_Sheets,7,8678,2025-09-25T07:10:19
/workspace/Google_Drive_and_Google_Sheets/Upload to Instagram and Tiktok from Google Drive.json,Google_Drive_and_Google_Sheets/Upload to Instagram and Tiktok from Google Drive.json,template in store,Google_Drive_and_Google_Sheets,13,10277,2025-09-25T07:10:19
"/workspace/Google_Drive_and_Google_Sheets/Extract Information from a Logo Sheet using forms, AI, Google Sheet and Airtable.json","Google_Drive_and_Google_Sheets/Extract Information from a Logo Sheet using forms, AI, Google Sheet and Airtable.json",AI Logo Sheet Extractor to Airtable,Google_Drive_and_Google_Sheets,44,36511,2025-09-25T07:10:19
/workspace/Google_Drive_and_Google_Sheets/Automatic Background Removal for Images in Google Drive.json,Google_Drive_and_Google_Sheets/Automatic Background Removal for Images in Google Drive.json,Remove Advanced Background from Google Drive Images,Google_Drive_and_Google_Sheets,16,10984,2025-09-25T07:10:19
/workspace/Google_Drive_and_Google_Sheets/Qualify new leads in Google Sheets via OpenAI_s GPT-4.json,Google_Drive_and_Google_Sheets/Qualify new leads in Google Sheets via OpenAI_s GPT-4.json,Qualify new leads in Google Sheets via OpenAI's GPT-4,Google_Drive_and_Google_Sheets,9,8560,2025-09-25T07:10:19
/workspace/Google_Drive_and_Google_Sheets/RAG_Context-Aware Chunking _ Google Drive to Pinecone via OpenRouter & Gemini.json,Google_Drive_and_Google_Sheets/RAG_Context-Aware Chunking _ Google Drive to Pinecone via OpenRouter & Gemini.json,RAG:Context-Aware Chunking | Google Drive to Pinecone via OpenRouter & Gemini,Google_Drive_and_Google_Sheets,17,8957,2025-09-25T07:10:19
/workspace/Google_Drive_and_Google_Sheets/Automated End-to-End Fine-Tuning of OpenAI Models with Google Drive Integration.json,Google_Drive_and_Google_Sheets/Automated End-to-End Fine-Tuning of OpenAI Models with Google Drive Integration.json,Fine-tuning with OpenAI models,Google_Drive_and_Google_Sheets,9,5709,2025-09-25T07:10:19
/workspace/Google_Drive_and_Google_Sheets/Chat with your event schedule from Google Sheets in Telegram.json,Google_Drive_and_Google_Sheets/Chat with your event schedule from Google Sheets in Telegram.json,Telegram-bot AI Da Nang,Google_Drive_and_Google_Sheets,23,12700,2025-09-25T07:10:19
/workspace/AI_Research_RAG_and_Data_Analysis/Spot Workplace Discrimination Patterns with AI.json,AI_Research_RAG_and_Data_Analysis/Spot Workplace Discrimination Patterns with AI.json,Spot Workplace Discrimination Patterns with AI,AI_Research_RAG_and_Data_Analysis,38,59976,2025-09-25T07:10:19
"/workspace/AI_Research_RAG_and_Data_Analysis/Build Your Own Image Search Using AI Object Detection, CDN and ElasticSearchBuild Your Own Image Search Using AI Object Detection, CDN and ElasticSearch.json","AI_Research_RAG_and_Data_Analysis/Build Your Own Image Search Using AI Object Detection, CDN and ElasticSearchBuild Your Own Image Search Using AI Object Detection, CDN and ElasticSearch.json","Build Your Own Image Search Using AI Object Detection, CDN and ElasticSearchBuild Your Own Image Search Using AI Object Detection, CDN and ElasticSearch",AI_Research_RAG_and_Data_Analysis,17,10684,2025-09-25T07:10:19
"/workspace/AI_Research_RAG_and_Data_Analysis/Customer Insights with Qdrant, Python and Information Extractor.json","AI_Research_RAG_and_Data_Analysis/Customer Insights with Qdrant, Python and Information Extractor.json","Customer Insights with Qdrant, Python and Information Extractor",AI_Research_RAG_and_Data_Analysis,37,27743,2025-09-25T07:10:19
/workspace/AI_Research_RAG_and_Data_Analysis/Send Google analytics data to A.I. to analyze then save results in BaserowSend Google analytics data to A.I. to analyze then save results in Baserow.json,AI_Research_RAG_and_Data_Analysis/Send Google analytics data to A.I. to analyze then save results in BaserowSend Google analytics data to A.I. to analyze then save results in Baserow.json,Google analytics template,AI_Research_RAG_and_Data_Analysis,22,24195,2025-09-25T07:10:19
/workspace/AI_Research_RAG_and_Data_Analysis/Hacker News to Video Content.json,AI_Research_RAG_and_Data_Analysis/Hacker News to Video Content.json,Hacker News to Video Template - AlexK1919,AI_Research_RAG_and_Data_Analysis,48,30092,2025-09-25T07:10:19
/workspace/AI_Research_RAG_and_Data_Analysis/Summarize Umami data with AI (via Openrouter) and save it to Baserow.json,AI_Research_RAG_and_Data_Analysis/Summarize Umami data with AI (via Openrouter) and save it to Baserow.json,Umami analytics template,AI_Research_RAG_and_Data_Analysis,17,11904,2025-09-25T07:10:19
/workspace/AI_Research_RAG_and_Data_Analysis/Chat with GitHub API Documentation_ RAG-Powered Chatbot with Pinecone & OpenAI.json,AI_Research_RAG_and_Data_Analysis/Chat with GitHub API Documentation_ RAG-Powered Chatbot with Pinecone & OpenAI.json,Chat with GitHub OpenAPI Specification using RAG (Pinecone and OpenAI),AI_Research_RAG_and_Data_Analysis,17,8239,2025-09-25T07:10:19
/workspace/AI_Research_RAG_and_Data_Analysis/Query Perplexity AI from your n8n workflows.json,AI_Research_RAG_and_Data_Analysis/Query Perplexity AI from your n8n workflows.json,Query Perplexity AI from your n8n workflows,AI_Research_RAG_and_Data_Analysis,6,3890,2025-09-25T07:10:19
/workspace/AI_Research_RAG_and_Data_Analysis/Visual Regression Testing with Apify and AI Vision Model.json,AI_Research_RAG_and_Data_Analysis/Visual Regression Testing with Apify and AI Vision Model.json,Visual Regression Testing with Apify and AI Vision Model,AI_Research_RAG_and_Data_Analysis,34,23496,2025-09-25T07:10:19
/workspace/AI_Research_RAG_and_Data_Analysis/üîç Perplexity Research to HTML_ AI-Powered Content Creation.json,AI_Research_RAG_and_Data_Analysis/üîç Perplexity Research to HTML_ AI-Powered Content Creation.json,üîç Perplexity Research to HTML_ AI-Powered Content Creation,AI_Research_RAG_and_Data_Analysis,,141476,2025-09-25T07:10:19
"/workspace/AI_Research_RAG_and_Data_Analysis/Build a Tax Code Assistant with Qdrant, Mistral.ai and OpenAI.json","AI_Research_RAG_and_Data_Analysis/Build a Tax Code Assistant with Qdrant, Mistral.ai and OpenAI.json","Build a Tax Code Assistant with Qdrant, Mistral.ai and OpenAI",AI_Research_RAG_and_Data_Analysis,38,23251,2025-09-25T07:10:19
/workspace/AI_Research_RAG_and_Data_Analysis/Make OpenAI Citation for File Retrieval RAG.json,AI_Research_RAG_and_Data_Analysis/Make OpenAI Citation for File Retrieval RAG.json,Make OpenAI Citation for File Retrieval RAG,AI_Research_RAG_and_Data_Analysis,19,10834,2025-09-25T07:10:19
/workspace/AI_Research_RAG_and_Data_Analysis/Reconcile Rent Payments with Local Excel Spreadsheet and OpenAI.json,AI_Research_RAG_and_Data_Analysis/Reconcile Rent Payments with Local Excel Spreadsheet and OpenAI.json,Reconcile Rent Payments with Local Excel Spreadsheet and OpenAI,AI_Research_RAG_and_Data_Analysis,17,13037,2025-09-25T07:10:19
"/workspace/AI_Research_RAG_and_Data_Analysis/Survey Insights with Qdrant, Python and Information Extractor.json","AI_Research_RAG_and_Data_Analysis/Survey Insights with Qdrant, Python and Information Extractor.json","Survey Insights with Qdrant, Python and Information Extractor",AI_Research_RAG_and_Data_Analysis,42,29256,2025-09-25T07:10:19
"/workspace/AI_Research_RAG_and_Data_Analysis/Analyze tradingview.com charts with Chrome extension, N8N and OpenAI.json","AI_Research_RAG_and_Data_Analysis/Analyze tradingview.com charts with Chrome extension, N8N and OpenAI.json",chrome extension backend with AI,AI_Research_RAG_and_Data_Analysis,5,2990,2025-09-25T07:10:19
/workspace/AI_Research_RAG_and_Data_Analysis/Vector Database as a Big Data Analysis Tool for AI Agents [1_3 anomaly][1_2 KNN].json,AI_Research_RAG_and_Data_Analysis/Vector Database as a Big Data Analysis Tool for AI Agents [1_3 anomaly][1_2 KNN].json,[1/3 - anomaly detection] [1/2 - KNN classification] Batch upload dataset to Qdrant (crops dataset),AI_Research_RAG_and_Data_Analysis,25,18757,2025-09-25T07:10:19
/workspace/AI_Research_RAG_and_Data_Analysis/Intelligent Web Query and Semantic Re-Ranking Flow using Brave and Google Gemini.json,AI_Research_RAG_and_Data_Analysis/Intelligent Web Query and Semantic Re-Ranking Flow using Brave and Google Gemini.json,Intelligent Web Query and Semantic Re-Ranking Flow,AI_Research_RAG_and_Data_Analysis,20,35424,2025-09-25T07:10:19
/workspace/AI_Research_RAG_and_Data_Analysis/Hacker News Job Listing Scraper and Parser.json,AI_Research_RAG_and_Data_Analysis/Hacker News Job Listing Scraper and Parser.json,HN Who is Hiring Scrape,AI_Research_RAG_and_Data_Analysis,20,18506,2025-09-25T07:10:19
/workspace/AI_Research_RAG_and_Data_Analysis/Scrape and summarize webpages with AI.json,AI_Research_RAG_and_Data_Analysis/Scrape and summarize webpages with AI.json,Scrape and summarize webpages with AI,AI_Research_RAG_and_Data_Analysis,15,5989,2025-09-25T07:10:19
/workspace/AI_Research_RAG_and_Data_Analysis/Send Google analytics data to A.I. to analyze then save results in Baserow.json,AI_Research_RAG_and_Data_Analysis/Send Google analytics data to A.I. to analyze then save results in Baserow.json,Google analytics template,AI_Research_RAG_and_Data_Analysis,22,24195,2025-09-25T07:10:19
/workspace/AI_Research_RAG_and_Data_Analysis/Summarize SERPBear data with AI (via Openrouter) and save it to Baserow.json,AI_Research_RAG_and_Data_Analysis/Summarize SERPBear data with AI (via Openrouter) and save it to Baserow.json,SERPBear analytics template,AI_Research_RAG_and_Data_Analysis,10,7046,2025-09-25T07:10:19
"/workspace/AI_Research_RAG_and_Data_Analysis/Scrape Trustpilot Reviews with DeepSeek, Analyze Sentiment with OpenAI.json","AI_Research_RAG_and_Data_Analysis/Scrape Trustpilot Reviews with DeepSeek, Analyze Sentiment with OpenAI.json","Scrape Trustpilot Reviews with DeepSeek, Analyze Sentiment with OpenAI",AI_Research_RAG_and_Data_Analysis,20,16333,2025-09-25T07:10:19
/workspace/AI_Research_RAG_and_Data_Analysis/Build a Financial Documents Assistant using Qdrant and Mistral.ai.json,AI_Research_RAG_and_Data_Analysis/Build a Financial Documents Assistant using Qdrant and Mistral.ai.json,Build a Financial Documents Assistant using Qdrant and Mistral.ai,AI_Research_RAG_and_Data_Analysis,29,19038,2025-09-25T07:10:19
/workspace/AI_Research_RAG_and_Data_Analysis/Vector Database as a Big Data Analysis Tool for AI Agents [2_2 KNN].json,AI_Research_RAG_and_Data_Analysis/Vector Database as a Big Data Analysis Tool for AI Agents [2_2 KNN].json,[2/2] KNN classifier (lands dataset),AI_Research_RAG_and_Data_Analysis,18,13098,2025-09-25T07:10:19
/workspace/AI_Research_RAG_and_Data_Analysis/Ultimate Scraper Workflow for n8n.json,AI_Research_RAG_and_Data_Analysis/Ultimate Scraper Workflow for n8n.json,Selenium Ultimate Scraper Workflow,AI_Research_RAG_and_Data_Analysis,63,41103,2025-09-25T07:10:19
/workspace/AI_Research_RAG_and_Data_Analysis/Recipe Recommendations with Qdrant and Mistral.json,AI_Research_RAG_and_Data_Analysis/Recipe Recommendations with Qdrant and Mistral.json,Recipe Recommendations with Qdrant and Mistral,AI_Research_RAG_and_Data_Analysis,,22221,2025-09-25T07:10:19
/workspace/AI_Research_RAG_and_Data_Analysis/Building RAG Chatbot for Movie Recommendations with Qdrant and Open AI.json,AI_Research_RAG_and_Data_Analysis/Building RAG Chatbot for Movie Recommendations with Qdrant and Open AI.json,Building RAG Chatbot for Movie Recommendations with Qdrant and Open AI,AI_Research_RAG_and_Data_Analysis,27,15163,2025-09-25T07:10:19
/workspace/AI_Research_RAG_and_Data_Analysis/Vector Database as a Big Data Analysis Tool for AI Agents [3_3 - anomaly].json,AI_Research_RAG_and_Data_Analysis/Vector Database as a Big Data Analysis Tool for AI Agents [3_3 - anomaly].json,[3/3] Anomaly detection tool (crops dataset),AI_Research_RAG_and_Data_Analysis,17,12452,2025-09-25T07:10:19
/workspace/AI_Research_RAG_and_Data_Analysis/Scrape and summarize posts of a news site without RSS feed using AI and save them to a NocoDB.json,AI_Research_RAG_and_Data_Analysis/Scrape and summarize posts of a news site without RSS feed using AI and save them to a NocoDB.json,News Extraction,AI_Research_RAG_and_Data_Analysis,36,17766,2025-09-25T07:10:19
/workspace/AI_Research_RAG_and_Data_Analysis/Enrich Property Inventory Survey with Image Recognition and AI Agent.json,AI_Research_RAG_and_Data_Analysis/Enrich Property Inventory Survey with Image Recognition and AI Agent.json,Enrich Property Inventory Survey with Image Recognition and AI Agent,AI_Research_RAG_and_Data_Analysis,29,21638,2025-09-25T07:10:19
/workspace/AI_Research_RAG_and_Data_Analysis/Generate SEO Seed Keywords Using AI.json,AI_Research_RAG_and_Data_Analysis/Generate SEO Seed Keywords Using AI.json,Generate SEO Seed Keywords Using AI,AI_Research_RAG_and_Data_Analysis,15,9009,2025-09-25T07:10:19
/workspace/AI_Research_RAG_and_Data_Analysis/Deduplicate Scraping AI Grants for Eligibility using AI.json,AI_Research_RAG_and_Data_Analysis/Deduplicate Scraping AI Grants for Eligibility using AI.json,Deduplicate Scraping AI Grants for Eligibility using AI,AI_Research_RAG_and_Data_Analysis,24,35090,2025-09-25T07:10:19
/workspace/AI_Research_RAG_and_Data_Analysis/Learn Anything from HN - Get Top Resource Recommendations from Hacker News.json,AI_Research_RAG_and_Data_Analysis/Learn Anything from HN - Get Top Resource Recommendations from Hacker News.json,Learn Anything from HN - Get Top Resource Recommendations from Hacker News,AI_Research_RAG_and_Data_Analysis,10,6486,2025-09-25T07:10:19
/workspace/AI_Research_RAG_and_Data_Analysis/Automated Hugging Face Paper Summary Fetching & Categorization Workflow.json,AI_Research_RAG_and_Data_Analysis/Automated Hugging Face Paper Summary Fetching & Categorization Workflow.json,[3/3] Anomaly detection tool (crops dataset),AI_Research_RAG_and_Data_Analysis,17,12452,2025-09-25T07:10:19
/workspace/AI_Research_RAG_and_Data_Analysis/Vector Database as a Big Data Analysis Tool for AI Agents [2_3 - anomaly].json,AI_Research_RAG_and_Data_Analysis/Vector Database as a Big Data Analysis Tool for AI Agents [2_3 - anomaly].json,[2/3] Set up medoids (2 types) for anomaly detection (crops dataset),AI_Research_RAG_and_Data_Analysis,48,34969,2025-09-25T07:10:19
/workspace/AI_Research_RAG_and_Data_Analysis/Open Deep Research - AI-Powered Autonomous Research Workflow.json,AI_Research_RAG_and_Data_Analysis/Open Deep Research - AI-Powered Autonomous Research Workflow.json,Open Deep Research - AI-Powered Autonomous Research Workflow,AI_Research_RAG_and_Data_Analysis,17,10743,2025-09-25T07:10:19
/workspace/AI_Research_RAG_and_Data_Analysis/Create a Google Analytics Data Report with AI and sent it to E-Mail and Telegram.json,AI_Research_RAG_and_Data_Analysis/Create a Google Analytics Data Report with AI and sent it to E-Mail and Telegram.json,Google Analytics: Weekly Report,AI_Research_RAG_and_Data_Analysis,14,14971,2025-09-25T07:10:19
/workspace/AI_Research_RAG_and_Data_Analysis/Autonomous AI crawler.json,AI_Research_RAG_and_Data_Analysis/Autonomous AI crawler.json,Autonomous AI crawler,AI_Research_RAG_and_Data_Analysis,38,28621,2025-09-25T07:10:19
/workspace/AI_Research_RAG_and_Data_Analysis/Extract insights & analyse YouTube comments via AI Agent chat.json,AI_Research_RAG_and_Data_Analysis/Extract insights & analyse YouTube comments via AI Agent chat.json,Extract insights & analyse YouTube comments via AI Agent chat,AI_Research_RAG_and_Data_Analysis,29,28091,2025-09-25T07:10:19
"/workspace/AI_Research_RAG_and_Data_Analysis/Host Your Own AI Deep Research Agent with n8n, Apify and OpenAI o3.json","AI_Research_RAG_and_Data_Analysis/Host Your Own AI Deep Research Agent with n8n, Apify and OpenAI o3.json","Host Your Own AI Deep Research Agent with n8n, Apify and OpenAI o3",AI_Research_RAG_and_Data_Analysis,,150314,2025-09-25T07:10:19
/workspace/Other_Integrations_and_Use_Cases/Introduction to the HTTP Tool.json,Other_Integrations_and_Use_Cases/Introduction to the HTTP Tool.json,Introduction to the HTTP Tool,Other_Integrations_and_Use_Cases,12,6565,2025-09-25T07:10:19
/workspace/Other_Integrations_and_Use_Cases/Automate Pinterest Analysis & AI-Powered Content Suggestions With Pinterest API.json,Other_Integrations_and_Use_Cases/Automate Pinterest Analysis & AI-Powered Content Suggestions With Pinterest API.json,Automate Pinterest Analysis & AI-Powered Content Suggestions With Pinterest API,Other_Integrations_and_Use_Cases,13,11073,2025-09-25T07:10:19
/workspace/Other_Integrations_and_Use_Cases/Automate Screenshots with URLbox & Analyze them with AI.json,Other_Integrations_and_Use_Cases/Automate Screenshots with URLbox & Analyze them with AI.json,Analyze Screenshots with AI,Other_Integrations_and_Use_Cases,9,4366,2025-09-25T07:10:19
/workspace/Other_Integrations_and_Use_Cases/UTM Link Creator & QR Code Generator with Scheduled Google Analytics Reports.json,Other_Integrations_and_Use_Cases/UTM Link Creator & QR Code Generator with Scheduled Google Analytics Reports.json,UTM Link Creator & QR Code Generator with Scheduled Google Analytics Reports,Other_Integrations_and_Use_Cases,14,10084,2025-09-25T07:10:19
/workspace/Other_Integrations_and_Use_Cases/Analyze feedback and send a message on Mattermost.json,Other_Integrations_and_Use_Cases/Analyze feedback and send a message on Mattermost.json,Analyze the sentiment of feedback and send a message on Mattermost,Other_Integrations_and_Use_Cases,5,2066,2025-09-25T07:10:19
"/workspace/Other_Integrations_and_Use_Cases/Create, update, and get a profile in Humantic AI.json","Other_Integrations_and_Use_Cases/Create, update, and get a profile in Humantic AI.json","Create, update, and get a profile in Humantic AI",Other_Integrations_and_Use_Cases,5,1788,2025-09-25T07:10:19
/workspace/Other_Integrations_and_Use_Cases/Enhance Customer Chat by Buffering Messages with Twilio and Redis.json,Other_Integrations_and_Use_Cases/Enhance Customer Chat by Buffering Messages with Twilio and Redis.json,Enhance Customer Chat by Buffering Messages with Twilio and Redis,Other_Integrations_and_Use_Cases,18,10234,2025-09-25T07:10:19
"/workspace/Other_Integrations_and_Use_Cases/Handling Appointment Leads and Follow-up With Twilio, Cal.com and AI.json","Other_Integrations_and_Use_Cases/Handling Appointment Leads and Follow-up With Twilio, Cal.com and AI.json","Handling Appointment Leads and Follow-up With Twilio, Cal.com and AI",Other_Integrations_and_Use_Cases,36,44094,2025-09-25T07:10:19
/workspace/Other_Integrations_and_Use_Cases/Text automations using Apple Shortcuts.json,Other_Integrations_and_Use_Cases/Text automations using Apple Shortcuts.json,Text automations using Apple Shortcuts,Other_Integrations_and_Use_Cases,10,10110,2025-09-25T07:10:19
/workspace/Other_Integrations_and_Use_Cases/Bitrix24 Chatbot Application Workflow example with Webhook Integration.json,Other_Integrations_and_Use_Cases/Bitrix24 Chatbot Application Workflow example with Webhook Integration.json,Bitrix24 Chatbot Application Workflow example with Webhook Integration,Other_Integrations_and_Use_Cases,13,15956,2025-09-25T07:10:19
/workspace/Other_Integrations_and_Use_Cases/Siri AI Agent_ Apple Shortcuts powered voice template.json,Other_Integrations_and_Use_Cases/Siri AI Agent_ Apple Shortcuts powered voice template.json,Siri AI Agent_ Apple Shortcuts powered voice template,Other_Integrations_and_Use_Cases,7,4868,2025-09-25T07:10:19
/workspace/Other_Integrations_and_Use_Cases/Optimize & Update Printify Title and Description Workflow.json,Other_Integrations_and_Use_Cases/Optimize & Update Printify Title and Description Workflow.json,Printify Automation - Update Title and Description - AlexK1919,Other_Integrations_and_Use_Cases,26,22300,2025-09-25T07:10:19
/workspace/Other_Integrations_and_Use_Cases/LINE Assistant with Google Calendar and Gmail Integration.json,Other_Integrations_and_Use_Cases/LINE Assistant with Google Calendar and Gmail Integration.json,LINE Assistant with Google Calendar and Gmail Integration,Other_Integrations_and_Use_Cases,14,10496,2025-09-25T07:10:19
/workspace/Other_Integrations_and_Use_Cases/API Schema Extractor.json,Other_Integrations_and_Use_Cases/API Schema Extractor.json,API Schema Extractor,Other_Integrations_and_Use_Cases,88,73443,2025-09-25T07:10:19
/workspace/Other_Integrations_and_Use_Cases/Classify new bugs in Linear with OpenAI_s GPT-4 and move them to the right team.json,Other_Integrations_and_Use_Cases/Classify new bugs in Linear with OpenAI_s GPT-4 and move them to the right team.json,Classify new bugs in Linear with OpenAI_s GPT-4 and move them to the right team,Other_Integrations_and_Use_Cases,12,17220,2025-09-25T07:10:19
"/workspace/Other_Integrations_and_Use_Cases/Zoom AI Meeting Assistant creates mail summary, ClickUp tasks and follow-up call.json","Other_Integrations_and_Use_Cases/Zoom AI Meeting Assistant creates mail summary, ClickUp tasks and follow-up call.json",Zoom AI Meeting Assistant,Other_Integrations_and_Use_Cases,24,20578,2025-09-25T07:10:19
"/workspace/Other_Integrations_and_Use_Cases/Hacker News Throwback Machine - See What Was Hot on This Day, Every Year!.json","Other_Integrations_and_Use_Cases/Hacker News Throwback Machine - See What Was Hot on This Day, Every Year!.json","Hacker News Throwback Machine - See What Was Hot on This Day, Every Year!",Other_Integrations_and_Use_Cases,13,8379,2025-09-25T07:10:19
/workspace/Other_Integrations_and_Use_Cases/Using External Workflows as Tools in n8n.json,Other_Integrations_and_Use_Cases/Using External Workflows as Tools in n8n.json,get_a_web_page,Other_Integrations_and_Use_Cases,4,2462,2025-09-25T07:10:19
/workspace/Other_Integrations_and_Use_Cases/Obsidian Notes Read Aloud using AI_ Available as a Podcast Feed.json,Other_Integrations_and_Use_Cases/Obsidian Notes Read Aloud using AI_ Available as a Podcast Feed.json,Obsidian Notes Read Aloud: Available as a Podcast Feed,Other_Integrations_and_Use_Cases,23,19744,2025-09-25T07:10:19
/workspace/Other_Integrations_and_Use_Cases/Visualize your SQL Agent queries with OpenAI and Quickchart.io.json,Other_Integrations_and_Use_Cases/Visualize your SQL Agent queries with OpenAI and Quickchart.io.json,Visualize your SQL Agent queries with OpenAI and Quickchart.io,Other_Integrations_and_Use_Cases,19,19685,2025-09-25T07:10:19
/workspace/Other_Integrations_and_Use_Cases/Qualify replies from Pipedrive persons with AI.json,Other_Integrations_and_Use_Cases/Qualify replies from Pipedrive persons with AI.json,Qualify replies from Pipedrive persons with AI,Other_Integrations_and_Use_Cases,11,6288,2025-09-25T07:10:19
/workspace/Other_Integrations_and_Use_Cases/Integrating AI with Open-Meteo API for Enhanced Weather Forecasting.json,Other_Integrations_and_Use_Cases/Integrating AI with Open-Meteo API for Enhanced Weather Forecasting.json,Integrating AI with Open-Meteo API for Enhanced Weather Forecasting,Other_Integrations_and_Use_Cases,12,8418,2025-09-25T07:10:19
/workspace/Other_Integrations_and_Use_Cases/Monthly Spotify Track Archiving and Playlist Classification.json,Other_Integrations_and_Use_Cases/Monthly Spotify Track Archiving and Playlist Classification.json,Monthly Spotify Track Archiving and Playlist Classification,Other_Integrations_and_Use_Cases,37,41883,2025-09-25T07:10:19
"/workspace/Other_Integrations_and_Use_Cases/Automate SIEM Alert Enrichment with MITRE ATT&CK, Qdrant & Zendesk in n8n.json","Other_Integrations_and_Use_Cases/Automate SIEM Alert Enrichment with MITRE ATT&CK, Qdrant & Zendesk in n8n.json","Automate SIEM Alert Enrichment with MITRE ATT&CK, Qdrant & Zendesk in n8n",Other_Integrations_and_Use_Cases,26,18190,2025-09-25T07:10:19
/workspace/Other_Integrations_and_Use_Cases/Analyze feedback using AWS Comprehend and send it to a Mattermost channel.json,Other_Integrations_and_Use_Cases/Analyze feedback using AWS Comprehend and send it to a Mattermost channel.json,Analyze feedback using AWS Comprehend and send it to a Mattermost channel,Other_Integrations_and_Use_Cases,5,1811,2025-09-25T07:10:19
/workspace/Other_Integrations_and_Use_Cases/Use AI to organize your Todoist Inbox.json,Other_Integrations_and_Use_Cases/Use AI to organize your Todoist Inbox.json,Use AI to organize your Todoist Inbox,Other_Integrations_and_Use_Cases,12,5799,2025-09-25T07:10:19
/workspace/Other_Integrations_and_Use_Cases/KB Tool - Confluence Knowledge Base.json,Other_Integrations_and_Use_Cases/KB Tool - Confluence Knowledge Base.json,KB Tool - Confluence Knowledge Base,Other_Integrations_and_Use_Cases,7,5845,2025-09-25T07:10:19
/workspace/Other_Integrations_and_Use_Cases/Automate testimonials in Strapi with n8n.json,Other_Integrations_and_Use_Cases/Automate testimonials in Strapi with n8n.json,Automate testimonials in Strapi with n8n,Other_Integrations_and_Use_Cases,14,6310,2025-09-25T07:10:19
/workspace/Other_Integrations_and_Use_Cases/ChatGPT Automatic Code Review in Gitlab MR.json,Other_Integrations_and_Use_Cases/ChatGPT Automatic Code Review in Gitlab MR.json,ChatGPT Automatic Code Review in Gitlab MR,Other_Integrations_and_Use_Cases,14,8444,2025-09-25T07:10:19
/workspace/PDF_and_Document_Processing/Transcribing Bank Statements To Markdown Using Gemini Vision AI.json,PDF_and_Document_Processing/Transcribing Bank Statements To Markdown Using Gemini Vision AI.json,Transcribing Bank Statements To Markdown Using Gemini Vision AI,PDF_and_Document_Processing,20,13303,2025-09-25T07:10:19
/workspace/PDF_and_Document_Processing/Ask questions about a PDF using AI.json,PDF_and_Document_Processing/Ask questions about a PDF using AI.json,Ask questions about a PDF using AI,PDF_and_Document_Processing,16,7340,2025-09-25T07:10:19
/workspace/PDF_and_Document_Processing/Convert URL HTML to Markdown Format and Get Page Links.json,PDF_and_Document_Processing/Convert URL HTML to Markdown Format and Get Page Links.json,Convert URL HTML to Markdown Format and Get Page Links,PDF_and_Document_Processing,17,9246,2025-09-25T07:10:19
/workspace/PDF_and_Document_Processing/Chat with PDF docs using AI (quoting sources).json,PDF_and_Document_Processing/Chat with PDF docs using AI (quoting sources).json,Chat with PDF docs using AI (quoting sources),PDF_and_Document_Processing,22,11643,2025-09-25T07:10:19
/workspace/PDF_and_Document_Processing/Extract text from PDF and image using Vertex AI (Gemini) into CSV.json,PDF_and_Document_Processing/Extract text from PDF and image using Vertex AI (Gemini) into CSV.json,Extract text from PDF and image using Vertex AI (Gemini) into CSV,PDF_and_Document_Processing,16,10236,2025-09-25T07:10:19
/workspace/PDF_and_Document_Processing/Extract data from resume and create PDF with Gotenberg.json,PDF_and_Document_Processing/Extract data from resume and create PDF with Gotenberg.json,Extract data from resume and create PDF with Gotenberg,PDF_and_Document_Processing,43,25038,2025-09-25T07:10:19
/workspace/PDF_and_Document_Processing/Invoice data extraction with LlamaParse and OpenAI.json,PDF_and_Document_Processing/Invoice data extraction with LlamaParse and OpenAI.json,Invoice data extraction with LlamaParse and OpenAI,PDF_and_Document_Processing,26,22067,2025-09-25T07:10:19
/workspace/PDF_and_Document_Processing/CV Resume PDF Parsing with Multimodal Vision AI.json,PDF_and_Document_Processing/CV Resume PDF Parsing with Multimodal Vision AI.json,CV Resume PDF Parsing with Multimodal Vision AI,PDF_and_Document_Processing,13,8721,2025-09-25T07:10:19
"/workspace/PDF_and_Document_Processing/Transcribe Audio Files, Summarize with GPT-4, and Store in Notion.json","PDF_and_Document_Processing/Transcribe Audio Files, Summarize with GPT-4, and Store in Notion.json",Whisper Transkription copy,PDF_and_Document_Processing,8,6106,2025-09-25T07:10:19
/workspace/PDF_and_Document_Processing/Remove Personally Identifiable Information (PII) from CSV Files with OpenAI.json,PDF_and_Document_Processing/Remove Personally Identifiable Information (PII) from CSV Files with OpenAI.json,Remove Personally Identifiable Information (PII) from CSV Files with OpenAI,PDF_and_Document_Processing,10,7748,2025-09-25T07:10:19
/workspace/PDF_and_Document_Processing/Breakdown Documents into Study Notes using Templating MistralAI and Qdrant.json,PDF_and_Document_Processing/Breakdown Documents into Study Notes using Templating MistralAI and Qdrant.json,Breakdown Documents into Study Notes using Templating MistralAI and Qdrant,PDF_and_Document_Processing,42,24212,2025-09-25T07:10:19
/workspace/PDF_and_Document_Processing/Parse PDF with LlamaParse and save to Airtable.json,PDF_and_Document_Processing/Parse PDF with LlamaParse and save to Airtable.json,Parse PDF with LlamaParse and save to Airtable,PDF_and_Document_Processing,,14962,2025-09-25T07:10:19
/workspace/PDF_and_Document_Processing/ETL pipeline for text processing.json,PDF_and_Document_Processing/ETL pipeline for text processing.json,ETL pipeline,PDF_and_Document_Processing,9,3285,2025-09-25T07:10:19
/workspace/PDF_and_Document_Processing/Manipulate PDF with Adobe developer API.json,PDF_and_Document_Processing/Manipulate PDF with Adobe developer API.json,Manipulate PDF with Adobe developer API,PDF_and_Document_Processing,20,12624,2025-09-25T07:10:19
/workspace/PDF_and_Document_Processing/Extract license plate number from image uploaded via an n8n form.json,PDF_and_Document_Processing/Extract license plate number from image uploaded via an n8n form.json,Image to license plate number,PDF_and_Document_Processing,5,3156,2025-09-25T07:10:19
/workspace/PDF_and_Document_Processing/Prepare CSV files with GPT-4Prepare CSV files with GPT-4.json,PDF_and_Document_Processing/Prepare CSV files with GPT-4Prepare CSV files with GPT-4.json,Prepare CSV files with GPT-4,PDF_and_Document_Processing,11,10039,2025-09-25T07:10:19
/workspace/PDF_and_Document_Processing/Extract and process information directly from PDF using Claude and Gemini.json,PDF_and_Document_Processing/Extract and process information directly from PDF using Claude and Gemini.json,Extract and process information directly from PDF using Claude and Gemini,PDF_and_Document_Processing,11,7199,2025-09-25T07:10:19
/workspace/WordPress/WordPress - AI Chatbot to enhance user experience - with Supabase and OpenAI.json,WordPress/WordPress - AI Chatbot to enhance user experience - with Supabase and OpenAI.json,RAG & GenAI App With WordPress Content,WordPress,53,33890,2025-09-25T07:10:19
/workspace/WordPress/Automate Blog Creation in Brand Voice with AI.json,WordPress/Automate Blog Creation in Brand Voice with AI.json,Automate Blog Creation in Brand Voice with AI,WordPress,27,17085,2025-09-25T07:10:19
/workspace/WordPress/Write a WordPress post with AI (starting from a few keywords).json,WordPress/Write a WordPress post with AI (starting from a few keywords).json,Write a WordPress post with AI (starting from a few keywords),WordPress,37,22040,2025-09-25T07:10:19
/workspace/WordPress/Auto-Categorize blog posts in wordpress using A.I..json,WordPress/Auto-Categorize blog posts in wordpress using A.I..json,Auto categorize wordpress template,WordPress,9,4773,2025-09-25T07:10:19
/workspace/WordPress/Automate Content Generator for WordPress with DeepSeek R1.json,WordPress/Automate Content Generator for WordPress with DeepSeek R1.json,Automate Content Generator for WordPress with DeepSeek R1,WordPress,17,12277,2025-09-25T07:10:19
/workspace/WordPress/Auto-Tag Blog Posts in WordPress with AI.json,WordPress/Auto-Tag Blog Posts in WordPress with AI.json,Auto-Tag Blog Posts in WordPress with AI,WordPress,32,16721,2025-09-25T07:10:19
/workspace/Database_and_Storage/Supabase Insertion & Upsertion & Retrieval.json,Database_and_Storage/Supabase Insertion & Upsertion & Retrieval.json,Supabase Insertion & Upsertion & Retrieval,Database_and_Storage,21,11389,2025-09-25T07:10:19
/workspace/Database_and_Storage/Talk to your SQLite database with a LangChain AI Agent.json,Database_and_Storage/Talk to your SQLite database with a LangChain AI Agent.json,SQL agent with memory,Database_and_Storage,13,5713,2025-09-25T07:10:19
/workspace/Database_and_Storage/Generate SQL queries from schema only - AI-powered.json,Database_and_Storage/Generate SQL queries from schema only - AI-powered.json,Generate SQL queries from schema only - AI-powered,Database_and_Storage,29,16702,2025-09-25T07:10:19
/workspace/Database_and_Storage/MongoDB AI Agent - Intelligent Movie Recommendations.json,Database_and_Storage/MongoDB AI Agent - Intelligent Movie Recommendations.json,MongoDB Agent,Database_and_Storage,8,5427,2025-09-25T07:10:19
/workspace/Database_and_Storage/Chat with Postgresql Database.json,Database_and_Storage/Chat with Postgresql Database.json,Chat with Postgresql Database,Database_and_Storage,11,7006,2025-09-25T07:10:19
/workspace/OpenAI_and_LLMs/AI_ Ask questions about any data source (using the n8n workflow retriever).json,OpenAI_and_LLMs/AI_ Ask questions about any data source (using the n8n workflow retriever).json,LangChain - Example - Workflow Retriever,OpenAI_and_LLMs,7,2981,2025-09-25T07:10:19
/workspace/OpenAI_and_LLMs/AI-Powered Email Automation for Business_ Summarize & Respond with RAG.json,OpenAI_and_LLMs/AI-Powered Email Automation for Business_ Summarize & Respond with RAG.json,Email AI Auto-responder. Summerize and send email,OpenAI_and_LLMs,26,23659,2025-09-25T07:10:19
/workspace/OpenAI_and_LLMs/Chat Assistant (OpenAI assistant) with Postgres Memory And API Calling Capabalities.json,OpenAI_and_LLMs/Chat Assistant (OpenAI assistant) with Postgres Memory And API Calling Capabalities.json,modelo do chatbot,OpenAI_and_LLMs,12,9881,2025-09-25T07:10:19
/workspace/OpenAI_and_LLMs/Transform Image to Lego Style Using Line and Dall-E.json,OpenAI_and_LLMs/Transform Image to Lego Style Using Line and Dall-E.json,Transform Image to Lego Style Using Line and Dall-E,OpenAI_and_LLMs,5,3535,2025-09-25T07:10:19
/workspace/OpenAI_and_LLMs/AI Automated HR Workflow for CV Analysis and Candidate Evaluation.json,OpenAI_and_LLMs/AI Automated HR Workflow for CV Analysis and Candidate Evaluation.json,HR-focused automation pipeline with AI,OpenAI_and_LLMs,18,14438,2025-09-25T07:10:19
/workspace/OpenAI_and_LLMs/üî•üìàü§ñ AI Agent for n8n Creators Leaderboard - Find Popular Workflows.json,OpenAI_and_LLMs/üî•üìàü§ñ AI Agent for n8n Creators Leaderboard - Find Popular Workflows.json,üî•üìàü§ñ AI Agent for n8n Creators Leaderboard - Find Popular Workflows,OpenAI_and_LLMs,43,27674,2025-09-25T07:10:19
/workspace/OpenAI_and_LLMs/Dynamically generate a webpage from user request using OpenAI Structured Output.json,OpenAI_and_LLMs/Dynamically generate a webpage from user request using OpenAI Structured Output.json,Dynamically generate HTML page from user request using OpenAI Structured Output,OpenAI_and_LLMs,7,7929,2025-09-25T07:10:19
/workspace/OpenAI_and_LLMs/üêãDeepSeek V3 Chat & R1 Reasoning Quick Start.json,OpenAI_and_LLMs/üêãDeepSeek V3 Chat & R1 Reasoning Quick Start.json,üêãDeepSeek V3 Chat & R1 Reasoning Quick Start,OpenAI_and_LLMs,15,7566,2025-09-25T07:10:19
/workspace/OpenAI_and_LLMs/Daily meetings summarization with Gemini AI.json,OpenAI_and_LLMs/Daily meetings summarization with Gemini AI.json,Daily meetings summarization with Gemini AI,OpenAI_and_LLMs,9,5172,2025-09-25T07:10:19
/workspace/OpenAI_and_LLMs/Generate Text-to-Speech Using Elevenlabs via API.json,OpenAI_and_LLMs/Generate Text-to-Speech Using Elevenlabs via API.json,Generate Text-to-Speech Using Elevenlabs via API,OpenAI_and_LLMs,6,3927,2025-09-25T07:10:19
/workspace/OpenAI_and_LLMs/AI Data Extraction with Dynamic Prompts and Airtable.json,OpenAI_and_LLMs/AI Data Extraction with Dynamic Prompts and Airtable.json,AI Data Extraction with Dynamic Prompts and Airtable,OpenAI_and_LLMs,51,35914,2025-09-25T07:10:19
/workspace/OpenAI_and_LLMs/üìö Auto-generate documentation for n8n workflows with GPT and Docsify.json,OpenAI_and_LLMs/üìö Auto-generate documentation for n8n workflows with GPT and Docsify.json,Docsify example,OpenAI_and_LLMs,60,45737,2025-09-25T07:10:19
/workspace/OpenAI_and_LLMs/Daily Podcast Summary.json,OpenAI_and_LLMs/Daily Podcast Summary.json,Daily Podcast Summary,OpenAI_and_LLMs,21,13164,2025-09-25T07:10:19
/workspace/OpenAI_and_LLMs/Actioning Your Meeting Next Steps using Transcripts and AI.json,OpenAI_and_LLMs/Actioning Your Meeting Next Steps using Transcripts and AI.json,Actioning Your Meeting Next Steps using Transcripts and AI,OpenAI_and_LLMs,28,18436,2025-09-25T07:10:19
/workspace/OpenAI_and_LLMs/AI-powered WooCommerce Support-Agent.json,OpenAI_and_LLMs/AI-powered WooCommerce Support-Agent.json,AI-powered WooCommerce Support-Agent,OpenAI_and_LLMs,40,25852,2025-09-25T07:10:19
/workspace/OpenAI_and_LLMs/Ask a human for help when the AI doesn_t know the answer.json,OpenAI_and_LLMs/Ask a human for help when the AI doesn_t know the answer.json,Ask a human,OpenAI_and_LLMs,17,7094,2025-09-25T07:10:19
/workspace/OpenAI_and_LLMs/AI-Generated Summary Block for WordPress Posts.json,OpenAI_and_LLMs/AI-Generated Summary Block for WordPress Posts.json,"AI-Generated Summary Block for WordPress Posts - with OpenAI, WordPress, Google Sheets & Slack",OpenAI_and_LLMs,32,34600,2025-09-25T07:10:19
/workspace/OpenAI_and_LLMs/ü§ñüßë_üíª AI Agent for Top n8n Creators Leaderboard Reporting.json,OpenAI_and_LLMs/ü§ñüßë_üíª AI Agent for Top n8n Creators Leaderboard Reporting.json,ü§ñüßë‚Äçüíª AI Agent for Top n8n Creators Leaderboard Reporting,OpenAI_and_LLMs,49,26823,2025-09-25T07:10:19
/workspace/OpenAI_and_LLMs/Custom LangChain agent written in JavaScript.json,OpenAI_and_LLMs/Custom LangChain agent written in JavaScript.json,LangChain - Example - Code Node Example,OpenAI_and_LLMs,10,4524,2025-09-25T07:10:19
/workspace/OpenAI_and_LLMs/Automate Your RFP Process with OpenAI Assistants.json,OpenAI_and_LLMs/Automate Your RFP Process with OpenAI Assistants.json,Automate Your RFP Process with OpenAI Assistants,OpenAI_and_LLMs,23,14297,2025-09-25T07:10:19
"/workspace/OpenAI_and_LLMs/AI Voice Chat using Webhook, Memory Manager, OpenAI, Google Gemini & ElevenLabs.json","OpenAI_and_LLMs/AI Voice Chat using Webhook, Memory Manager, OpenAI, Google Gemini & ElevenLabs.json","AI Voice Chat using Webhook, Memory Manager, OpenAI, Google Gemini & ElevenLabs",OpenAI_and_LLMs,15,8267,2025-09-25T07:10:19
/workspace/OpenAI_and_LLMs/Fetch Dynamic Prompts from GitHub and Auto-Populate n8n Expressions in Prompt.json,OpenAI_and_LLMs/Fetch Dynamic Prompts from GitHub and Auto-Populate n8n Expressions in Prompt.json,Load Prompts from Github Repo and auto populate n8n expressions,OpenAI_and_LLMs,17,9656,2025-09-25T07:10:19
/workspace/OpenAI_and_LLMs/Chat with OpenAI Assistant (by adding a memory).json,OpenAI_and_LLMs/Chat with OpenAI Assistant (by adding a memory).json,Chat with OpenAI Assistant (by adding a memory),OpenAI_and_LLMs,14,5818,2025-09-25T07:10:19
/workspace/OpenAI_and_LLMs/üîêü¶ôü§ñ Private & Local Ollama Self-Hosted AI Assistant.json,OpenAI_and_LLMs/üîêü¶ôü§ñ Private & Local Ollama Self-Hosted AI Assistant.json,üó®Ô∏èOllama Chat,OpenAI_and_LLMs,14,8206,2025-09-25T07:10:19
/workspace/OpenAI_and_LLMs/Query n8n Credentials with AI SQL Agent.json,OpenAI_and_LLMs/Query n8n Credentials with AI SQL Agent.json,Query n8n Credentials with AI SQL Agent,OpenAI_and_LLMs,13,7821,2025-09-25T07:10:19
/workspace/OpenAI_and_LLMs/Use OpenRouter in n8n versions _1.78.json,OpenAI_and_LLMs/Use OpenRouter in n8n versions _1.78.json,Use any LLM-Model via OpenRouter,OpenAI_and_LLMs,8,3797,2025-09-25T07:10:19
/workspace/OpenAI_and_LLMs/AI-Powered Social Media Amplifier.json,OpenAI_and_LLMs/AI-Powered Social Media Amplifier.json,Social Media AI Agent - Telegram,OpenAI_and_LLMs,26,25469,2025-09-25T07:10:19
/workspace/OpenAI_and_LLMs/AI agent chat.json,OpenAI_and_LLMs/AI agent chat.json,AI agent chat,OpenAI_and_LLMs,5,1945,2025-09-25T07:10:19
/workspace/OpenAI_and_LLMs/AI Agent _ Google calendar assistant using OpenAI.json,OpenAI_and_LLMs/AI Agent _ Google calendar assistant using OpenAI.json,AI Agent : Google calendar assistant using OpenAI,OpenAI_and_LLMs,13,11965,2025-09-25T07:10:19
/workspace/OpenAI_and_LLMs/Prompt-based Object Detection with Gemini 2.0.json,OpenAI_and_LLMs/Prompt-based Object Detection with Gemini 2.0.json,Prompt-based Object Detection with Gemini 2.0,OpenAI_and_LLMs,14,11417,2025-09-25T07:10:19
/workspace/OpenAI_and_LLMs/Proxmox AI Agent with n8n and Generative AI Integration.json,OpenAI_and_LLMs/Proxmox AI Agent with n8n and Generative AI Integration.json,Proxmox AI Agent with n8n and Generative AI Integration,OpenAI_and_LLMs,35,28989,2025-09-25T07:10:19
/workspace/OpenAI_and_LLMs/lemlist __ GPT-3_ Supercharge your sales workflows.json,OpenAI_and_LLMs/lemlist __ GPT-3_ Supercharge your sales workflows.json,lemlist __ GPT-3_ Supercharge your sales workflows,OpenAI_and_LLMs,,7024,2025-09-25T07:10:19
/workspace/OpenAI_and_LLMs/AI web researcher for sales.json,OpenAI_and_LLMs/AI web researcher for sales.json,AI web researcher for sales,OpenAI_and_LLMs,22,20242,2025-09-25T07:10:19
/workspace/OpenAI_and_LLMs/Force AI to use a specific output format.json,OpenAI_and_LLMs/Force AI to use a specific output format.json,[AI/LangChain] Output Parser 4,OpenAI_and_LLMs,11,4509,2025-09-25T07:10:19
/workspace/OpenAI_and_LLMs/Personal Shopper Chatbot for WooCommerce with RAG using Google Drive and openAI.json,OpenAI_and_LLMs/Personal Shopper Chatbot for WooCommerce with RAG using Google Drive and openAI.json,OpenAI Personal Shopper with RAG and WooCommerce,OpenAI_and_LLMs,25,14398,2025-09-25T07:10:19
"/workspace/OpenAI_and_LLMs/AI Powered Web Scraping with Jina, Google Sheets and OpenAI _ the EASY way.json","OpenAI_and_LLMs/AI Powered Web Scraping with Jina, Google Sheets and OpenAI _ the EASY way.json","AI Powered Web Scraping with Jina, Google Sheets and OpenAI _ the EASY way",OpenAI_and_LLMs,7,5365,2025-09-25T07:10:19
/workspace/OpenAI_and_LLMs/AI Agent To Chat With Files In Supabase Storage.json,OpenAI_and_LLMs/AI Agent To Chat With Files In Supabase Storage.json,AI Agent To Chat With Files In Supabase Storage,OpenAI_and_LLMs,33,17910,2025-09-25T07:10:19
/workspace/OpenAI_and_LLMs/AI Agent with Ollama for current weather and wiki.json,OpenAI_and_LLMs/AI Agent with Ollama for current weather and wiki.json,AI Agent with Ollama for current weather and wiki,OpenAI_and_LLMs,10,4335,2025-09-25T07:10:19
/workspace/OpenAI_and_LLMs/Extract personal data with self-hosted LLM Mistral NeMo.json,OpenAI_and_LLMs/Extract personal data with self-hosted LLM Mistral NeMo.json,Extract personal data with a self-hosted LLM Mistral NeMo,OpenAI_and_LLMs,13,6489,2025-09-25T07:10:19
"/workspace/OpenAI_and_LLMs/AI Agent to chat with you Search Console Data, using OpenAI and Postgres.json","OpenAI_and_LLMs/AI Agent to chat with you Search Console Data, using OpenAI and Postgres.json","AI Agent to chat with you Search Console Data, using OpenAI and Postgres",OpenAI_and_LLMs,30,24138,2025-09-25T07:10:19
/workspace/OpenAI_and_LLMs/AI Fitness Coach Strava Data Analysis and Personalized Training Insights.json,OpenAI_and_LLMs/AI Fitness Coach Strava Data Analysis and Personalized Training Insights.json,AI Fitness Coach Strava Data Analysis and Personalized Training Insights,OpenAI_and_LLMs,15,16542,2025-09-25T07:10:19
/workspace/OpenAI_and_LLMs/OpenAI assistant with custom tools.json,OpenAI_and_LLMs/OpenAI assistant with custom tools.json,OpenAI Assistant with custom n8n tools,OpenAI_and_LLMs,14,7905,2025-09-25T07:10:19
/workspace/OpenAI_and_LLMs/Suggest meeting slots using AI.json,OpenAI_and_LLMs/Suggest meeting slots using AI.json,Calendar_scheduling,OpenAI_and_LLMs,21,10997,2025-09-25T07:10:19
/workspace/OpenAI_and_LLMs/AI Data Extraction with Dynamic Prompts and Baserow.json,OpenAI_and_LLMs/AI Data Extraction with Dynamic Prompts and Baserow.json,AI Data Extraction with Dynamic Prompts and Baserow,OpenAI_and_LLMs,45,28924,2025-09-25T07:10:19
/workspace/OpenAI_and_LLMs/AI Voice Chatbot with ElevenLabs & OpenAI for Customer Service and Restaurants.json,OpenAI_and_LLMs/AI Voice Chatbot with ElevenLabs & OpenAI for Customer Service and Restaurants.json,Voice RAG Chatbot with ElevenLabs and OpenAI,OpenAI_and_LLMs,23,12021,2025-09-25T07:10:19
"/workspace/OpenAI_and_LLMs/OpenAI Assistant workflow_ upload file, create an Assistant, chat with it!.json","OpenAI_and_LLMs/OpenAI Assistant workflow_ upload file, create an Assistant, chat with it!.json","OpenAI Assistant workflow: uploa file, create an Assistant, chat with it!",OpenAI_and_LLMs,10,6014,2025-09-25T07:10:19
/workspace/OpenAI_and_LLMs/Chat with local LLMs using n8n and Ollama.json,OpenAI_and_LLMs/Chat with local LLMs using n8n and Ollama.json,Chat with local LLMs using n8n and Ollama,OpenAI_and_LLMs,5,2970,2025-09-25T07:10:19
/workspace/OpenAI_and_LLMs/Easy Image Captioning with Gemini 1.5 Pro.json,OpenAI_and_LLMs/Easy Image Captioning with Gemini 1.5 Pro.json,Easy Image Captioning with Gemini 1.5 Pro,OpenAI_and_LLMs,16,10162,2025-09-25T07:10:19
/workspace/OpenAI_and_LLMs/Configure your own Image Creation API Using OpenAI DALLE-3.json,OpenAI_and_LLMs/Configure your own Image Creation API Using OpenAI DALLE-3.json,Image Generation API,OpenAI_and_LLMs,7,3061,2025-09-25T07:10:19
/workspace/OpenAI_and_LLMs/AI Social Media Caption Creator creates social media post captions in Airtable.json,OpenAI_and_LLMs/AI Social Media Caption Creator creates social media post captions in Airtable.json,AI Social Media Caption Creator,OpenAI_and_LLMs,10,21382,2025-09-25T07:10:19
/workspace/OpenAI_and_LLMs/AI-Driven Lead Management and Inquiry Automation with ERPNext & n8n.json,OpenAI_and_LLMs/AI-Driven Lead Management and Inquiry Automation with ERPNext & n8n.json,AI-Driven Lead Management and Inquiry Automation with ERPNext & n8n,OpenAI_and_LLMs,,21457,2025-09-25T07:10:19
/workspace/OpenAI_and_LLMs/AI-Powered RAG Workflow For Stock Earnings Report Analysis.json,OpenAI_and_LLMs/AI-Powered RAG Workflow For Stock Earnings Report Analysis.json,RAG Workflow For Stock Earnings Report Analysis,OpenAI_and_LLMs,18,17500,2025-09-25T07:10:19
/workspace/OpenAI_and_LLMs/AI Youtube Trend Finder Based On Niche.json,OpenAI_and_LLMs/AI Youtube Trend Finder Based On Niche.json,Complete Youtube,OpenAI_and_LLMs,15,11743,2025-09-25T07:10:19
"/workspace/OpenAI_and_LLMs/OpenAI examples_ ChatGPT, DALLE-2, Whisper-1 ‚Äì 5-in-1.json","OpenAI_and_LLMs/OpenAI examples_ ChatGPT, DALLE-2, Whisper-1 ‚Äì 5-in-1.json",OpenAI-model-examples,OpenAI_and_LLMs,27,15320,2025-09-25T07:10:19
/workspace/OpenAI_and_LLMs/Summarize YouTube Videos from Transcript.json,OpenAI_and_LLMs/Summarize YouTube Videos from Transcript.json,Summarize YouTube Videos from Transcript,OpenAI_and_LLMs,10,4277,2025-09-25T07:10:19
/workspace/OpenAI_and_LLMs/Flux AI Image Generator.json,OpenAI_and_LLMs/Flux AI Image Generator.json,Flux AI Image Generator,OpenAI_and_LLMs,19,17915,2025-09-25T07:10:19
/workspace/OpenAI_and_LLMs/AI chat with any data source (using the n8n workflow tool).json,OpenAI_and_LLMs/AI chat with any data source (using the n8n workflow tool).json,AI chat with any data source (using the n8n workflow tool),OpenAI_and_LLMs,12,4736,2025-09-25T07:10:19
/workspace/OpenAI_and_LLMs/üöÄ Local Multi-LLM Testing & Performance Tracker.json,OpenAI_and_LLMs/üöÄ Local Multi-LLM Testing & Performance Tracker.json,Testing Mulitple Local LLM with LM Studio,OpenAI_and_LLMs,21,19227,2025-09-25T07:10:19
/workspace/OpenAI_and_LLMs/Automate Customer Support Issue Resolution using AI Text Classifier.json,OpenAI_and_LLMs/Automate Customer Support Issue Resolution using AI Text Classifier.json,Automate Customer Support Issue Resolution using AI Text Classifier,OpenAI_and_LLMs,36,28228,2025-09-25T07:10:19
/workspace/OpenAI_and_LLMs/Translate audio using AI.json,OpenAI_and_LLMs/Translate audio using AI.json,Translate audio using AI,OpenAI_and_LLMs,12,7430,2025-09-25T07:10:19
/workspace/OpenAI_and_LLMs/AI agent that can scrape webpages.json,OpenAI_and_LLMs/AI agent that can scrape webpages.json,Agent with custom HTTP Request,OpenAI_and_LLMs,20,11723,2025-09-25T07:10:19
/workspace/OpenAI_and_LLMs/AI-Powered Candidate Shortlisting Automation for ERPNext.json,OpenAI_and_LLMs/AI-Powered Candidate Shortlisting Automation for ERPNext.json,AI-Powered Candidate Shortlisting Automation for ERPNext,OpenAI_and_LLMs,39,24251,2025-09-25T07:10:19
/workspace/OpenAI_and_LLMs/AI Crew to Automate Fundamental Stock Analysis - Q&A Workflow.json,OpenAI_and_LLMs/AI Crew to Automate Fundamental Stock Analysis - Q&A Workflow.json,Stock Q&A Workflow,OpenAI_and_LLMs,17,7668,2025-09-25T07:10:19
/workspace/OpenAI_and_LLMs/Narrating over a Video using Multimodal AI.json,OpenAI_and_LLMs/Narrating over a Video using Multimodal AI.json,Narrating over a Video using Multimodal AI,OpenAI_and_LLMs,21,15883,2025-09-25T07:10:19
/workspace/OpenAI_and_LLMs/Detect hallucinations using specialised Ollama model bespoke-minicheck.json,OpenAI_and_LLMs/Detect hallucinations using specialised Ollama model bespoke-minicheck.json,Detect hallucinations using specialised Ollama model bespoke-minicheck,OpenAI_and_LLMs,18,13099,2025-09-25T07:10:19
/workspace/OpenAI_and_LLMs/AI chatbot that can search the web.json,OpenAI_and_LLMs/AI chatbot that can search the web.json,AI chatbot that can search the web,OpenAI_and_LLMs,9,3079,2025-09-25T07:10:19
/workspace/OpenAI_and_LLMs/Convert text to speech with OpenAI.json,OpenAI_and_LLMs/Convert text to speech with OpenAI.json,Text to Speech (OpenAI),OpenAI_and_LLMs,8,4005,2025-09-25T07:10:19
/workspace/OpenAI_and_LLMs/AI Agent for realtime insights on meetings.json,OpenAI_and_LLMs/AI Agent for realtime insights on meetings.json,AI Agent for realtime insights on meetings,OpenAI_and_LLMs,19,17217,2025-09-25T07:10:19
/workspace/OpenAI_and_LLMs/AI Customer feedback sentiment analysis.json,OpenAI_and_LLMs/AI Customer feedback sentiment analysis.json,AI Customer feedback sentiment analysis,OpenAI_and_LLMs,9,6590,2025-09-25T07:10:19
/workspace/OpenAI_and_LLMs/Organise Your Local File Directories With AI.json,OpenAI_and_LLMs/Organise Your Local File Directories With AI.json,Organise Your Local File Directories With AI,OpenAI_and_LLMs,16,10485,2025-09-25T07:10:19
/workspace/OpenAI_and_LLMs/Enrich FAQ sections on your website pages at scale with AI.json,OpenAI_and_LLMs/Enrich FAQ sections on your website pages at scale with AI.json,Enrich FAQ sections on your website pages at scale with AI,OpenAI_and_LLMs,36,32816,2025-09-25T07:10:19
/workspace/OpenAI_and_LLMs/Create a Branded AI-Powered Website Chatbot.json,OpenAI_and_LLMs/Create a Branded AI-Powered Website Chatbot.json,Create a Branded AI-Powered Website Chatbot,OpenAI_and_LLMs,24,27600,2025-09-25T07:10:19
/workspace/OpenAI_and_LLMs/‚ö°AI-Powered YouTube Video Summarization & Analysis.json,OpenAI_and_LLMs/‚ö°AI-Powered YouTube Video Summarization & Analysis.json,‚ö°AI-Powered YouTube Video Summarization & Analysis,OpenAI_and_LLMs,12,6488,2025-09-25T07:10:19
/workspace/OpenAI_and_LLMs/üé® Interactive Image Editor with FLUX.1 Fill Tool for Inpainting.json,OpenAI_and_LLMs/üé® Interactive Image Editor with FLUX.1 Fill Tool for Inpainting.json,FLUX-fill standalone,OpenAI_and_LLMs,18,13001,2025-09-25T07:10:19
/workspace/OpenAI_and_LLMs/Generate audio from text using OpenAI and Webhook _ Text to Speech Workflow.json,OpenAI_and_LLMs/Generate audio from text using OpenAI and Webhook _ Text to Speech Workflow.json,Generate audio from text using OpenAI - text-to-speech Workflow,OpenAI_and_LLMs,5,2905,2025-09-25T07:10:19
/workspace/OpenAI_and_LLMs/AI_ Summarize podcast episode and enhance using Wikipedia.json,OpenAI_and_LLMs/AI_ Summarize podcast episode and enhance using Wikipedia.json,Podcast Digest,OpenAI_and_LLMs,19,38201,2025-09-25T07:10:19
/workspace/OpenAI_and_LLMs/AI Agent to chat with Supabase_PostgreSQL DB.json,OpenAI_and_LLMs/AI Agent to chat with Supabase_PostgreSQL DB.json,AI Agent to chat with Supabase_PostgreSQL DB,OpenAI_and_LLMs,11,7548,2025-09-25T07:10:19
/workspace/OpenAI_and_LLMs/Automate Image Validation Tasks using AI Vision.json,OpenAI_and_LLMs/Automate Image Validation Tasks using AI Vision.json,Automate Image Validation Tasks using AI Vision,OpenAI_and_LLMs,11,8817,2025-09-25T07:10:19
/workspace/OpenAI_and_LLMs/Generate 9_16 Images from Content and Brand Guidelines.json,OpenAI_and_LLMs/Generate 9_16 Images from Content and Brand Guidelines.json,Content to 9:16 Aspect Image Generator v1,OpenAI_and_LLMs,39,43027,2025-09-25T07:10:19
/workspace/OpenAI_and_LLMs/Advanced AI Demo (Presented at AI Developers #14 meetup).json,OpenAI_and_LLMs/Advanced AI Demo (Presented at AI Developers #14 meetup).json,Advanced AI Demo (Presented at AI Developers #14 meetup),OpenAI_and_LLMs,39,18988,2025-09-25T07:10:19
/workspace/OpenAI_and_LLMs/Generating Image Embeddings via Textual Summarisation.json,OpenAI_and_LLMs/Generating Image Embeddings via Textual Summarisation.json,Generating Image Embeddings via Textual Summarisation,OpenAI_and_LLMs,22,12048,2025-09-25T07:10:19
/workspace/Notion/Notion AI Assistant Generator.json,Notion/Notion AI Assistant Generator.json,Notion AI Assistant Generator,Notion,24,25747,2025-09-25T07:10:19
"/workspace/Notion/Turn Emails into AI-Enhanced Tasks in Notion (Multi-User Support) with Gmail, Airtable and Softr.json","Notion/Turn Emails into AI-Enhanced Tasks in Notion (Multi-User Support) with Gmail, Airtable and Softr.json",mails2notion V2,Notion,38,25382,2025-09-25T07:10:19
/workspace/Notion/Upsert huge documents in a vector store with Supabase and Notion.json,Notion/Upsert huge documents in a vector store with Supabase and Notion.json,RAG on living data,Notion,34,15045,2025-09-25T07:10:19
/workspace/Notion/Analyse papers from Hugging Face with AI and store them in Notion.json,Notion/Analyse papers from Hugging Face with AI and store them in Notion.json,Hugging Face to Notion,Notion,11,9419,2025-09-25T07:10:19
/workspace/Notion/Add positive feedback messages to a table in Notion.json,Notion/Add positive feedback messages to a table in Notion.json,Add positive feedback messages to a table in Notion,Notion,6,2873,2025-09-25T07:10:19
/workspace/Notion/Automate LinkedIn Outreach with Notion and OpenAI.json,Notion/Automate LinkedIn Outreach with Notion and OpenAI.json,Automate LinkedIn Posts with AI,Notion,11,6722,2025-09-25T07:10:19
/workspace/Notion/Store Notion_s Pages as Vector Documents into Supabase with OpenAI.json,Notion/Store Notion_s Pages as Vector Documents into Supabase with OpenAI.json,Store Notion's Pages as Vector Documents into Supabase with OpenAI,Notion,9,6920,2025-09-25T07:10:19
"/workspace/Notion/Automate Competitor Research with Exa.ai, Notion and AI Agents.json","Notion/Automate Competitor Research with Exa.ai, Notion and AI Agents.json","Automate Competitor Research with Exa.ai, Notion and AI Agents",Notion,,36620,2025-09-25T07:10:19
/workspace/Notion/Notion to Pinecone Vector Store Integration.json,Notion/Notion to Pinecone Vector Store Integration.json,Prod: Notion to Vector Store - Dimension 768,Notion,8,5467,2025-09-25T07:10:19
/workspace/Notion/Notion knowledge base AI assistant.json,Notion/Notion knowledge base AI assistant.json,Notion knowledge base AI assistant,Notion,12,10276,2025-09-25T07:10:19
/workspace/Slack/Enhance Security Operations with the Qualys Slack Shortcut Bot!.json,Slack/Enhance Security Operations with the Qualys Slack Shortcut Bot!.json,Enhance Security Operations with the Qualys Slack Shortcut Bot!,Slack,23,23948,2025-09-25T07:10:19
/workspace/Slack/Enrich Pipedrive_s Organization Data with OpenAI GPT-4o & Notify it in Slack.json,Slack/Enrich Pipedrive_s Organization Data with OpenAI GPT-4o & Notify it in Slack.json,piepdrive-test,Slack,8,10543,2025-09-25T07:10:19
/workspace/Slack/Slack slash commands AI Chat Bot.json,Slack/Slack slash commands AI Chat Bot.json,My workflow 6,Slack,11,6166,2025-09-25T07:10:19
/workspace/Slack/Venafi Cloud Slack Cert Bot.json,Slack/Venafi Cloud Slack Cert Bot.json,Venafi Cloud Slack Cert Bot,Slack,38,39701,2025-09-25T07:10:19
/workspace/Slack/Customer Support Channel and Ticketing System with Slack and Linear.json,Slack/Customer Support Channel and Ticketing System with Slack and Linear.json,Customer Support Channel and Ticketing System with Slack and Linear,Slack,19,11640,2025-09-25T07:10:19
/workspace/Slack/Sentiment Analysis Tracking on Support Issues with Linear and Slack.json,Slack/Sentiment Analysis Tracking on Support Issues with Linear and Slack.json,Sentiment Analysis Tracking on Support Issues with Linear and Slack,Slack,19,17943,2025-09-25T07:10:19
/workspace/Slack/IT Ops AI SlackBot Workflow - Chat with your knowledge base.json,Slack/IT Ops AI SlackBot Workflow - Chat with your knowledge base.json,IT Ops AI SlackBot Workflow - Chat with your knowledge base,Slack,20,16494,2025-09-25T07:10:19
/workspace/Slack/Creating a AI Slack Bot with Google Gemini.json,Slack/Creating a AI Slack Bot with Google Gemini.json,Creating a AI Slack Bot with Google Gemini,Slack,10,5077,2025-09-25T07:10:19
"/workspace/Slack/AI-Powered Information Monitoring with OpenAI, Google Sheets, Jina AI and Slack.json","Slack/AI-Powered Information Monitoring with OpenAI, Google Sheets, Jina AI and Slack.json","AI-Powered Information Monitoring with OpenAI, Google Sheets, Jina AI and Slack",Slack,31,34644,2025-09-25T07:10:19
/workspace/WhatsApp/Complete business WhatsApp AI-Powered RAG Chatbot using OpenAI.json,WhatsApp/Complete business WhatsApp AI-Powered RAG Chatbot using OpenAI.json,Business WhatsApp AI RAG Chatbot,WhatsApp,24,15334,2025-09-25T07:10:19
/workspace/WhatsApp/Respond to WhatsApp Messages with AI Like a Pro!.json,WhatsApp/Respond to WhatsApp Messages with AI Like a Pro!.json,Respond to WhatsApp Messages with AI Like a Pro!,WhatsApp,35,21746,2025-09-25T07:10:19
/workspace/WhatsApp/Building Your First WhatsApp Chatbot.json,WhatsApp/Building Your First WhatsApp Chatbot.json,Building Your First WhatsApp Chatbot,WhatsApp,28,16598,2025-09-25T07:10:19
/workspace/WhatsApp/Automate Sales Meeting Prep with AI & APIFY Sent To WhatsApp.json,WhatsApp/Automate Sales Meeting Prep with AI & APIFY Sent To WhatsApp.json,Automate Sales Meeting Prep with AI & APIFY Sent To WhatsApp,WhatsApp,61,43242,2025-09-25T07:10:19
